位号,数量,型号或数值,封装或要求,用途
U1,1,CH32X035G8U6,QFN28 4x4mm 0.4mm间距,USB Host与两个GPIO
U2,1,RT9742CGJ5,TSOT-23-5 立锜,手机电源开关与固定2.2A限流（含短路折返/过温/UVLO/软启动）
J1,1,USB Type-C 6pin,独立CC1和CC2且电源触点额定3A,5V输入
J2,1,USB Type-C 16pin,USB2.0且电源触点额定3A,手机供电与通信
Q1,1,AO3401A,SOT-23 P-MOS -30V,OUT高侧功率开关（低电平开启）
R1 R2 R4,3,5.1kΩ,0603 ±1% ≥0.1W,输入Rd与EN下拉
R5 R6 R7,3,1kΩ,0603 ±1% ≥0.1W,Q1栅极上拉/BOOT上拉/泄放（τ≈120ms）
SW1,1,轻触按键,TS-1088-AR02016,BOOT（按住上电进ROM ISP）
H2,1,XH-2AW,2P 2.5mm接线端子,OUT输出（1=GND 2=OUT 5V）
H3,1,XH-2AW,2P 2.5mm接线端子,IN输入（1=5V_SYS 2=IN 干接点）
C1,1,100nF,0603 X7R 16V,U1高频去耦
C2,1,10µF,0805 X7R 16V 有效容量≥1µF,U1及U2共享电源去耦
C3,1,100µF,低ESR铝电解10V或更高 ±20%,USB供电端储能
